City_ID,City,Lat,Lng,Max Temp,Humidity,Cloudiness,Wind Speed,Country,Date
0,nuuk,64.1835,-51.7216,27.21,68,100,2.3,2.3,1701840057
1,mafinga,-7.25,35.0667,71.4,81,100,1.48,1.48,1701840123
2,waitangi,-43.9535,-176.5597,56.82,80,100,10.0,10.0,1701840124
3,inari,68.906,27.0288,5.2,98,98,1.77,1.77,1701840124
4,yellowknife,62.456,-114.3525,24.42,95,100,4.61,4.61,1701840124
5,adamstown,-25.066,-130.1015,72.93,83,100,13.76,13.76,1701840125
6,selfoss,63.9331,-20.9971,27.21,69,100,11.39,11.39,1701840125
7,ribeira grande,38.5167,-28.7,67.77,92,100,27.0,27.0,1701839560
8,la passe,45.5549,-0.8967,32.23,82,82,5.59,5.59,1701839563
9,gursarai,25.6148,79.1788,69.06,49,96,5.44,5.44,1701840126
10,blackmans bay,-43.0167,147.3167,72.52,33,15,4.81,4.81,1701839568
11,bethel,41.3712,-73.414,37.22,74,100,3.71,3.71,1701839423
12,thompson,55.7435,-97.8558,23.16,93,100,6.91,6.91,1701839746
13,grytviken,-54.2811,-36.5092,34.83,77,100,22.46,22.46,1701840128
14,anadyr,64.75,177.4833,-3.5,83,100,15.66,15.66,1701840128
15,taulaga,-11.0553,-171.0883,82.49,80,99,14.83,14.83,1701840129
16,vila velha,-20.3297,-40.2925,76.95,90,0,5.75,5.75,1701840129
17,castelo do piaui,-5.3222,-41.5525,76.75,74,64,0.78,0.78,1701840130
18,petropavlovsk-kamchatsky,53.0452,158.6483,25.39,87,0,17.0,17.0,1701840130
19,wailua homesteads,22.0669,-159.378,77.43,91,100,12.66,12.66,1701839586
20,afif,23.9065,42.9172,60.62,29,13,9.66,9.66,1701840131
21,saint-louis,16.3333,-15.0,72.91,22,30,8.68,8.68,1701839646
22,magadan,59.5667,150.8,-1.66,70,99,11.43,11.43,1701839752
23,constantia,44.1833,28.65,41.7,82,100,14.7,14.7,1701839605
24,severnoye,56.3491,78.3619,5.99,95,100,11.01,11.01,1701840132
25,college,64.8569,-147.8028,3.52,81,100,3.44,3.44,1701840132
26,edinburgh of the seven seas,-37.0676,-12.3116,54.95,66,60,21.92,21.92,1701839573
27,marsh harbour,26.5412,-77.0636,75.04,83,100,12.75,12.75,1701839575
28,usinsk,65.9939,57.5281,-29.92,99,21,3.0,3.0,1701840133
29,al jawf,29.5,38.75,60.04,72,77,8.12,8.12,1701839581
30,hermanus,-34.4187,19.2345,64.56,76,47,20.15,20.15,1701840134
31,arno,60.1167,18.6333,24.78,96,62,3.65,3.65,1701840135
32,marco island,25.9363,-81.7157,66.2,69,0,8.05,8.05,1701840135
33,ushuaia,-54.8,-68.3,42.46,81,75,37.98,37.98,1701840081
34,dudinka,69.4058,86.1778,-33.32,98,24,5.01,5.01,1701839631
35,laguna,38.421,-121.4238,57.09,89,0,0.0,0.0,1701839585
36,dongola,19.1667,30.4833,64.99,17,51,12.33,12.33,1701840137
37,ocean shores,46.9737,-124.1563,50.29,99,100,0.0,0.0,1701840137
38,palasa,18.7667,84.4167,69.85,88,100,9.26,9.26,1701840137
39,iqaluit,63.7506,-68.5145,8.33,84,0,6.91,6.91,1701840138
40,namibe,-15.1961,12.1522,74.59,87,98,2.51,2.51,1701839724
41,avarua,-21.2078,-159.775,77.05,83,75,13.8,13.8,1701839586
42,port-aux-francais,-49.35,70.2167,43.07,89,100,24.7,24.7,1701840139
43,praia da vitoria,38.7333,-27.0667,65.75,96,100,29.17,29.17,1701839690
44,punta arenas,-53.15,-70.9167,44.71,61,0,43.73,43.73,1701839404
45,nova sintra,14.8667,-24.7167,71.83,70,100,12.5,12.5,1701839589
46,chibougamau,49.9168,-74.3659,4.62,85,100,3.44,3.44,1701840141
47,bredasdorp,-34.5322,20.0403,64.72,72,44,18.21,18.21,1701839568
48,firuzabad,28.8438,52.5707,60.04,29,4,2.89,2.89,1701840142
49,singkil,-7.9855,111.4161,91.08,52,85,3.62,3.62,1701839675
50,gamba,-2.65,10.0,73.36,91,98,4.88,4.88,1701840143
51,veinticinco de mayo,-35.4323,-60.1727,61.99,100,100,1.01,1.01,1701840144
52,bangassou,4.7413,22.8184,70.7,91,62,1.81,1.81,1701840144
53,floro,61.5996,5.0328,31.96,69,40,11.5,11.5,1701839706
54,changling,44.2653,124.0005,21.72,62,10,14.07,14.07,1701840145
55,pacific grove,36.6177,-121.9166,56.55,81,0,5.75,5.75,1701839573
56,sisimiut,66.9395,-53.6735,12.45,72,31,11.41,11.41,1701840146
57,yima,34.7381,111.8839,55.87,20,0,14.9,14.9,1701840146
58,invercargill,-46.4,168.35,57.69,69,98,7.29,7.29,1701839969
59,kerikeri,-35.2268,173.9474,69.91,79,83,4.0,4.0,1701839401
60,albany,42.6001,-73.9662,31.64,90,100,1.01,1.01,1701839412
61,kittila,67.6647,24.8936,6.94,85,100,4.61,4.61,1701840148
62,pedregal,8.3667,-82.4333,80.2,82,33,4.83,4.83,1701840149
63,nikolayevsk-on-amure,53.1406,140.73,22.68,84,100,0.76,0.76,1701839428
64,papatowai,-46.5619,169.4708,58.71,77,99,4.76,4.76,1701839575
65,anna regina,7.2644,-58.5077,76.68,90,16,5.95,5.95,1701840150
66,port mathurin,-19.6833,63.4167,78.71,81,95,11.05,11.05,1701839558
67,lihue,21.9789,-159.3672,78.04,89,100,12.66,12.66,1701839561
68,olonkinbyen,70.9221,-8.7187,26.28,76,99,12.48,12.48,1701839562
69,fale old settlement,-9.3852,-171.2468,84.43,73,87,8.84,8.84,1701839615
70,axim,4.8699,-2.2405,78.3,84,18,4.32,4.32,1701839673
71,tatarka,44.9589,41.9517,28.22,83,100,20.0,20.0,1701840152
72,igarka,67.4667,86.5833,-34.38,92,6,6.67,6.67,1701839626
73,fada,9.5667,8.3,66.58,22,6,6.15,6.15,1701840153
74,west island,-12.1568,96.8225,84.18,79,75,13.8,13.8,1701839557
75,ankazoabo,-22.2833,44.5167,86.59,29,53,3.62,3.62,1701840154
76,terbuny,52.1389,38.2789,2.21,98,72,2.42,2.42,1701840155
77,papao,-17.75,-149.55,76.68,79,100,9.1,9.1,1701839751
78,nadi,-17.8,177.4167,78.8,89,75,8.05,8.05,1701840155
79,voorthuizen,52.1867,5.6056,39.83,96,100,4.79,4.79,1701840156
80,whitehorse,60.7161,-135.0538,20.03,94,98,7.18,7.18,1701839323
81,sveti nikole,41.8696,21.9527,38.25,91,100,1.57,1.57,1701840157
82,tiksi,71.6872,128.8694,-4.76,92,100,15.08,15.08,1701839597
83,cestos city,5.46,-9.5828,78.75,83,11,7.29,7.29,1701840157
84,mutum biyu,8.6333,10.7667,71.96,23,1,3.13,3.13,1701840158
85,chemax,20.65,-87.9333,71.35,100,69,2.71,2.71,1701840158
86,las heras,-46.5419,-68.9359,47.46,62,6,6.15,6.15,1701840159
87,umiray,15.2206,121.4111,83.12,76,34,4.45,4.45,1701840159
88,buka,40.8108,69.1986,57.07,26,36,1.72,1.72,1701840159
89,longyearbyen,78.2186,15.6401,24.64,68,20,21.85,21.85,1701839572
90,labytnangi,66.6572,66.4183,-15.65,99,97,1.52,1.52,1701840066
91,fort st. john,56.2499,-120.8529,36.46,65,9,11.95,11.95,1701839701
92,kili,5.6439,169.1211,82.62,80,90,20.09,20.09,1701840161
93,kyren,51.6828,102.1408,10.94,85,99,1.99,1.99,1701840161
94,isafjordur,66.0755,-23.124,27.34,82,18,7.0,7.0,1701839563
95,kodiak,57.79,-152.4072,29.71,55,0,40.29,40.29,1701839537
96,sidi bennour,32.6524,-8.4277,60.26,81,61,13.35,13.35,1701840162
97,kirensk,57.7853,108.1119,-29.04,97,65,3.0,3.0,1701840162
98,yuzhno-kurilsk,44.0306,145.8556,45.37,84,76,5.3,5.3,1701839676
99,kenai,60.5544,-151.2583,23.14,94,100,0.0,0.0,1701840163
100,strezhevoy,60.7333,77.5889,-15.03,88,14,10.0,10.0,1701840163
101,binhe,32.6883,112.8275,62.13,18,0,6.24,6.24,1701840163
102,puerto baquerizo moreno,-0.9,-89.6,74.77,83,54,9.66,9.66,1701840142
103,qaqortoq,60.7167,-46.0333,29.39,68,100,5.41,5.41,1701839630
104,puerto natales,-51.7236,-72.4875,38.95,80,50,7.81,7.81,1701840164
105,lamu,-2.2717,40.902,77.22,83,100,7.2,7.2,1701840165
106,maintirano,-18.0667,44.0167,84.81,60,95,6.82,6.82,1701840165
107,dolores,-36.3132,-57.6792,62.73,97,100,7.27,7.27,1701839727
108,ilulissat,69.2167,-51.1,10.42,52,7,3.44,3.44,1701839581
109,holladay,40.6688,-111.8247,46.0,76,0,6.91,6.91,1701840166
110,hawaiian paradise park,19.5933,-154.9731,72.03,93,0,3.44,3.44,1701839574
111,san patricio,28.017,-97.5169,66.06,76,100,5.95,5.95,1701840166
112,maun,-19.9833,23.4167,83.08,36,100,6.85,6.85,1701840166
113,dunedin,-45.8742,170.5036,63.81,72,66,3.0,3.0,1701840167
114,lashio,22.9333,97.75,76.42,49,94,1.57,1.57,1701839694
115,mathba,22.2855,89.9629,71.56,71,100,11.23,11.23,1701840167
116,haiku-pauwela,20.9219,-156.3051,75.04,73,40,18.41,18.41,1701839746
117,lijiang,26.8688,100.2207,53.98,50,100,4.03,4.03,1701840168
118,bamboo flat,11.7,92.7167,77.09,94,100,8.05,8.05,1701840168
119,utrik,11.2278,169.8474,81.52,77,70,18.79,18.79,1701839709
120,ust-tsilma,65.441,52.1498,-28.39,100,84,3.0,3.0,1701840168
121,sinabang,2.4803,96.3801,83.88,71,98,2.84,2.84,1701839580
122,maych'ew,12.7875,39.5422,57.58,49,7,2.95,2.95,1701840169
123,ishigaki,24.3448,124.1572,71.73,88,75,10.36,10.36,1701840169
124,east london,-33.0153,27.9116,65.28,74,100,13.4,13.4,1701839575
125,mogocha,53.7333,119.7667,-0.76,68,100,9.71,9.71,1701840170
126,anloga,5.7947,0.8973,81.1,79,8,7.99,7.99,1701840170
127,zharkent,44.1628,80.0,48.76,46,90,2.39,2.39,1701840170
128,coquimbo,-29.9533,-71.3436,58.77,76,0,3.67,3.67,1701839363
129,puerto ayora,-0.7393,-90.3518,75.54,95,57,5.99,5.99,1701839576
130,dayrut,27.556,30.8076,57.94,56,1,5.48,5.48,1701840171
131,beeville,28.4008,-97.7483,55.58,88,0,4.61,4.61,1701840171
132,port-gentil,-0.7193,8.7815,78.37,80,100,4.88,4.88,1701840172
133,natal,-5.795,-35.2094,77.22,83,20,4.61,4.61,1701840172
134,lebu,-37.6167,-73.65,52.92,89,76,9.98,9.98,1701840172
135,kwali,8.8672,7.005,69.69,33,1,1.59,1.59,1701840172
136,tidjikja,18.5564,-11.4271,67.75,28,59,10.51,10.51,1701840142
137,thunder bay,48.4001,-89.3168,26.58,80,40,3.44,3.44,1701840173
138,nasirabad,26.3,74.7333,68.79,45,0,7.34,7.34,1701840173
139,kapa'a,22.0752,-159.319,78.78,91,100,12.66,12.66,1701839617
140,iskateley,67.6803,53.1512,-26.99,99,53,4.0,4.0,1701840175
141,lompoc,34.6391,-120.4579,57.69,77,0,6.91,6.91,1701839673
142,stanley,54.868,-1.6985,30.78,97,75,2.3,2.3,1701840175
143,songjianghe,42.1859,127.479,29.66,95,100,8.23,8.23,1701840175
144,xinyuan,37.3,99.0,27.45,24,0,15.95,15.95,1701840176
145,uturoa,-16.7333,-151.4333,75.18,89,100,12.46,12.46,1701839683
146,taroa,8.7058,171.2275,82.26,80,51,21.05,21.05,1701840076
147,st. john's,47.5649,-52.7093,30.97,92,100,8.05,8.05,1701840170
148,luanda,-8.8368,13.2343,77.0,78,20,3.44,3.44,1701839904
149,wad az zaki,14.4619,32.2065,73.69,23,65,13.49,13.49,1701840177
150,heishan,41.6892,122.1128,35.85,30,2,12.86,12.86,1701840177
151,ciudad bolivar,8.1222,-63.5497,77.0,76,43,11.43,11.43,1701839592
152,ulsteinvik,62.3432,5.8487,30.76,61,100,7.0,7.0,1701839755
153,el granada,37.5027,-122.4694,59.79,87,75,4.61,4.61,1701839564
154,dryden,49.7833,-92.7503,21.49,86,100,9.22,9.22,1701840178
155,kone,-21.0595,164.8658,82.85,59,99,9.51,9.51,1701839621
156,fort bragg,35.139,-79.006,45.82,81,100,4.61,4.61,1701839623
157,pitimbu,-7.4706,-34.8086,77.59,77,7,10.71,10.71,1701840179
158,muynoq,43.7683,59.0214,39.65,62,84,15.9,15.9,1701840179
159,fisterra,42.9049,-9.2629,53.06,72,83,14.94,14.94,1701840179
160,margaret river,-33.95,115.0667,72.75,49,2,17.94,17.94,1701840179
161,saint-philippe,-21.3585,55.7679,81.1,70,3,6.85,6.85,1701839588
162,nar'yan-mar,67.6713,53.087,-26.9,99,52,4.0,4.0,1701840180
163,gaigeturi,33.4644,126.3183,62.65,55,75,16.11,16.11,1701840180
164,aasiaat,68.7098,-52.8699,1.85,86,20,12.1,12.1,1701840180
165,grossenhain,51.2833,13.55,36.59,97,100,8.39,8.39,1701840181
166,tazovsky,67.4667,78.7,-39.14,100,51,3.91,3.91,1701839583
167,soe,-9.8607,124.284,88.95,41,94,9.26,9.26,1701839687
168,lenoir,35.2335,-77.6497,44.71,100,0,0.0,0.0,1701840182
169,klyuchi,52.2667,79.1667,39.42,83,100,23.64,23.64,1701840182
170,al artawiyah,26.5053,45.3444,60.35,26,6,7.96,7.96,1701840183
171,gao,16.6362,1.637,70.75,16,0,10.78,10.78,1701840184
172,barysaw,54.2312,28.5049,21.49,100,99,5.5,5.5,1701840184
173,ostersund,63.1792,14.6357,2.61,84,100,0.0,0.0,1701839639
174,noumea,-22.2763,166.4572,84.18,68,73,18.61,18.61,1701839887
175,zhangjiakou shi xuanhua qu,40.6103,115.0447,39.04,29,6,15.7,15.7,1701840185
176,chapada dos guimaraes,-15.4606,-55.7497,69.46,77,87,1.99,1.99,1701840186
177,kainantu,-6.2887,145.8655,75.97,62,96,0.45,0.45,1701840186
178,minas de marcona,-15.2119,-75.1103,57.92,85,83,9.73,9.73,1701839591
179,mohammedia,33.7066,-7.3944,62.92,100,100,18.41,18.41,1701840187
180,alexandria,31.2156,29.9553,66.11,66,7,10.0,10.0,1701840188
181,yelizovo,53.1873,158.3805,24.94,39,0,13.42,13.42,1701839693
182,arraial do cabo,-22.9661,-42.0278,74.46,94,42,14.52,14.52,1701839446
183,sunchales,-30.944,-61.5615,70.05,96,96,3.98,3.98,1701840188
184,nabire,-3.3667,135.4833,86.85,62,33,5.55,5.55,1701840189
185,luganville,-15.5333,167.1667,77.14,93,100,5.59,5.59,1701839672
186,ceeldheer,3.8488,47.1806,79.9,65,95,16.73,16.73,1701840190
187,ngaoundere,7.3167,13.5833,67.69,33,52,2.37,2.37,1701840190
188,fort mcmurray,56.7268,-111.381,40.59,70,0,8.05,8.05,1701840190
189,daru,-9.0763,143.2092,86.56,60,84,11.52,11.52,1701839659
190,coahuayana de hidalgo,18.7,-103.6583,76.19,63,100,4.0,4.0,1701840191
191,general conesa,-40.1,-64.4333,60.67,74,70,16.84,16.84,1701840192
192,borgarnes,64.5383,-21.9206,33.85,73,71,8.77,8.77,1701840192
193,palmer,42.1584,-72.3287,34.63,74,100,0.0,0.0,1701839994
194,nago,26.5881,127.9761,72.45,56,38,4.9,4.9,1701839740
195,kuanda,56.3161,116.0806,-12.6,82,65,4.36,4.36,1701840193
196,nemuro,43.3236,145.575,46.65,82,51,3.2,3.2,1701839416
197,barclayville,4.6797,-8.2339,76.62,88,4,4.23,4.23,1701840194
198,akureyri,65.6835,-18.0878,14.23,82,4,4.97,4.97,1701839602
199,flying fish cove,-10.4217,105.6791,83.88,74,75,9.22,9.22,1701840195
200,bardsir,29.9227,56.5743,51.55,12,0,3.04,3.04,1701840195
201,badger,64.8,-147.5333,3.45,83,100,3.44,3.44,1701840195
202,new holland,40.1018,-76.0852,37.53,88,75,4.61,4.61,1701840196
203,clarksburg,39.2807,-80.3445,36.3,97,100,0.0,0.0,1701840072
204,apple valley,34.5008,-117.1859,61.86,49,0,3.38,3.38,1701840041
205,larache,35.1932,-6.1557,60.3,89,75,17.49,17.49,1701840197
206,hami,42.8,93.45,40.51,34,7,4.14,4.14,1701839697
207,puerto deseado,-47.7503,-65.8938,46.92,53,0,14.88,14.88,1701839638
208,ngereklmadel,7.4883,134.4856,87.89,70,75,8.05,8.05,1701840198
209,hammerfest,70.6634,23.6821,16.25,73,55,13.8,13.8,1701839615
210,starchiojd,45.3167,26.1833,37.4,91,100,2.8,2.8,1701840199
211,jamestown,42.097,-79.2353,32.02,96,100,1.01,1.01,1701839996
212,vrangel',42.7297,133.0839,39.18,84,100,8.75,8.75,1701840200
213,bilibino,68.0546,166.4372,-23.55,99,100,3.89,3.89,1701840072
214,alofi,-19.0595,-169.9187,80.49,78,77,12.66,12.66,1701840201
215,washington,47.5001,-120.5015,37.74,93,100,1.81,1.81,1701839992
216,umm ruwaba,12.9061,31.2158,71.22,26,40,8.5,8.5,1701840201
217,moissala,8.3404,17.7663,76.86,48,25,1.34,1.34,1701840202
218,georgetown,5.4112,100.3354,89.94,64,20,4.61,4.61,1701840202
219,weno,7.4515,151.8468,84.15,79,100,6.91,6.91,1701840202
220,atafu village,-8.5421,-172.5159,84.67,71,95,8.23,8.23,1701840203
221,sitka,57.0531,-135.33,44.49,76,100,18.41,18.41,1701839693
222,kant,27.8,79.8,72.34,41,0,4.34,4.34,1701840203
223,nova era,-19.75,-43.0375,68.14,98,38,2.93,2.93,1701840204
224,tlacotepec,20.0667,-97.8667,58.14,98,100,1.43,1.43,1701840204
225,isfahan,32.6572,51.6776,33.44,21,37,0.63,0.63,1701840205
226,aparri,18.3333,121.6167,84.29,72,17,2.98,2.98,1701840205
227,vila franca do campo,37.7167,-25.4333,66.61,99,99,19.86,19.86,1701839757
228,vadso,70.0744,29.7487,17.76,73,20,11.5,11.5,1701839667
229,derbent,42.0678,48.2899,45.9,88,100,12.37,12.37,1701840206
230,new norfolk,-42.7826,147.0587,73.71,27,6,8.14,8.14,1701839675
231,port elizabeth,-33.918,25.5701,65.32,74,100,10.36,10.36,1701840115
232,hithadhoo,-0.6,73.0833,82.38,78,100,10.36,10.36,1701840207
233,keflavik,64.0049,-22.5624,33.71,74,0,23.02,23.02,1701839674
234,ridgecrest,35.6225,-117.6709,54.43,49,0,9.22,9.22,1701840208
235,hasaki,35.7333,140.8333,61.29,74,93,16.26,16.26,1701839378
236,merizo village,13.2658,144.6691,88.36,85,59,11.88,11.88,1701840208
237,nierstein,49.8753,8.3467,41.31,96,75,0.0,0.0,1701840209
238,urzhar,47.093,81.6294,41.09,47,100,2.93,2.93,1701840209
239,kudahuvadhoo,2.6708,72.8944,82.24,77,95,8.99,8.99,1701840210
240,sanya,18.2431,109.505,82.56,61,75,6.71,6.71,1701840211
241,pingnan,23.5543,110.3976,65.52,79,100,4.21,4.21,1701840211
242,keren,15.7778,38.4581,69.39,54,64,3.62,3.62,1701840211
243,la libertad,-2.2333,-80.9,72.99,83,99,10.92,10.92,1701840212
244,kidal,18.4411,1.4078,70.65,15,0,8.1,8.1,1701840212
245,cabo san lucas,22.8909,-109.9124,75.51,72,78,1.01,1.01,1701840212
246,hinton,53.4001,-117.5857,27.07,93,16,6.02,6.02,1701840213
247,kavaratti,10.5669,72.642,83.21,70,100,6.69,6.69,1701840213
248,vorgashor,67.5833,63.95,-18.45,93,64,2.84,2.84,1701840213
249,las palmas,28.4204,-14.0131,65.19,77,0,8.05,8.05,1701840214
250,hadibu,12.65,54.0333,79.12,53,52,18.23,18.23,1701839658
251,kiunga,-6.1219,141.2906,87.49,60,100,4.03,4.03,1701839751
252,nelson bay,-32.7167,152.15,77.05,72,1,8.01,8.01,1701839618
253,kas,36.2018,29.6377,60.04,79,93,2.95,2.95,1701840215
254,london,51.5085,-0.1257,39.49,91,24,3.44,3.44,1701840079
255,huadian,42.9633,126.7478,31.3,75,100,9.93,9.93,1701840216
256,rincon,32.296,-81.2354,51.84,75,40,9.22,9.22,1701840217
257,maisi,43.0395,41.2621,48.87,68,100,3.0,3.0,1701840217
258,timiryazevskoye,56.49,84.8769,4.08,83,100,10.74,10.74,1701840218
259,nagqu,31.5,92.0,17.06,46,75,3.13,3.13,1701839668
260,brokopondo,4.75,-55.1667,75.83,91,48,5.1,5.1,1701840218
261,makassar,-5.14,119.4221,87.85,74,40,13.8,13.8,1701840219
262,alice springs,-23.7,133.8833,105.35,9,0,5.75,5.75,1701840219
263,solwezi,-12.1688,26.3894,65.97,76,26,2.75,2.75,1701840219
264,udachny,66.4167,112.4,-14.93,97,100,7.0,7.0,1701840220
265,payakumbuh,-0.2202,100.6308,75.54,92,99,1.3,1.3,1701840220
266,huarmey,-10.0681,-78.1522,67.6,87,100,8.19,8.19,1701840220
267,mount gambier,-37.8333,140.7667,71.08,31,78,9.19,9.19,1701840221
268,brisas de zicatela,15.8369,-97.0419,79.32,78,5,2.82,2.82,1701839704
269,luderitz,-26.6481,15.1594,61.99,73,17,12.93,12.93,1701840222
270,susuman,62.7833,148.1667,-57.01,99,75,1.01,1.01,1701840222
271,broken hill,-31.95,141.4333,102.67,13,4,8.28,8.28,1701840132
272,palmas,-10.2128,-48.3603,76.87,83,0,4.61,4.61,1701840223
273,willemstad,12.1084,-68.9335,80.51,83,20,11.5,11.5,1701840223
274,vuktyl,63.8567,57.3094,-24.9,99,6,1.99,1.99,1701840223
275,urangan,-25.3,152.9,86.2,60,0,7.0,7.0,1701840224
276,ust'-ilimsk,58.0006,102.6619,-26.55,100,19,3.53,3.53,1701840224
277,kotel'nikovo,47.6317,43.1461,23.83,86,98,9.78,9.78,1701840224
278,waingapu,-9.6567,120.2641,88.92,61,36,9.55,9.55,1701839665
279,mejit,10.2753,170.8646,81.84,80,72,19.77,19.77,1701839632
280,beaune,47.0833,4.75,35.24,97,100,4.38,4.38,1701840225
281,byron bay,-28.65,153.6167,90.72,59,0,10.85,10.85,1701840226
282,albertina,-22.2008,-46.6158,64.85,92,97,3.44,3.44,1701840226
283,mount isa,-20.7333,139.5,96.57,34,75,4.61,4.61,1701839626
284,tumut,-35.3,148.2167,88.25,20,41,13.31,13.31,1701840226
285,gadzhiyevo,69.2551,33.3362,11.91,80,100,8.79,8.79,1701840227
286,san rafael del sur,11.8485,-86.4384,77.97,74,26,13.69,13.69,1701840227
287,hamilton,39.1834,-84.5333,39.42,91,100,11.5,11.5,1701840149
288,mili,6.0815,171.735,82.44,80,74,22.08,22.08,1701840227
289,severoural'sk,60.1533,59.952,-16.02,92,99,7.09,7.09,1701840228
290,ust-nera,64.5667,143.2,-52.44,98,75,4.07,4.07,1701840228
291,kolonia,50.9333,6.95,37.58,92,100,11.5,11.5,1701839666
292,nieuw nickerie,5.95,-56.9833,78.46,87,34,8.9,8.9,1701840229
293,plastun,44.7561,136.2939,37.0,66,27,3.47,3.47,1701839721
294,sittwe,20.15,92.9,84.38,62,84,1.25,1.25,1701840229
295,kisangani,0.5167,25.2,70.03,97,88,1.1,1.1,1701840230
296,rapar,23.5667,70.6333,75.51,45,0,11.41,11.41,1701840230
297,ketchikan,55.3422,-131.6461,45.07,81,100,8.05,8.05,1701840230
298,talnakh,69.4865,88.3972,-26.45,80,13,2.19,2.19,1701840230
299,mossel bay,-34.1831,22.146,64.33,77,38,17.0,17.0,1701839713
300,novyy urgal,51.0736,132.5642,21.58,83,100,2.13,2.13,1701840231
301,tura,25.5198,90.2201,77.61,46,87,2.35,2.35,1701839632
302,shubarkuduk,49.1447,56.4872,19.08,85,95,10.65,10.65,1701840232
303,bobo-dioulasso,11.1771,-4.2979,64.85,48,0,5.75,5.75,1701840232
304,kununurra,-15.7667,128.7333,102.18,37,30,8.05,8.05,1701840232
305,khash,28.2211,61.2158,56.77,15,0,4.59,4.59,1701840232
306,tasqala,51.1167,50.3167,17.83,95,19,5.37,5.37,1701840026
307,rio grande,-32.035,-52.0986,69.94,89,100,19.22,19.22,1701840233
308,tarko-sale,64.9225,77.785,-32.84,89,5,9.01,9.01,1701840233
309,alekseyevka,50.6309,38.6903,23.36,86,94,5.73,5.73,1701840234
310,kayangel,8.0823,134.7173,83.91,75,78,10.67,10.67,1701840234
311,paradip garh,20.3167,86.6167,75.2,75,100,19.17,19.17,1701840234
312,chake chake,-5.2459,39.7666,81.39,80,97,5.1,5.1,1701840234
313,puerto rico,-26.796,-55.024,71.17,99,100,2.84,2.84,1701840235
314,port lincoln,-34.7333,135.8667,73.72,54,81,12.66,12.66,1701839484
315,alaghsas,17.0187,8.0168,67.42,20,0,10.0,10.0,1701839732
316,iaciara,-14.0958,-46.6317,68.58,88,13,2.33,2.33,1701840235
317,vazante,-17.9869,-46.9078,72.09,79,75,2.13,2.13,1701840236
318,polyarnyy,69.1989,33.4478,12.83,78,100,9.42,9.42,1701840236
319,chonchi,-42.6128,-73.8092,51.01,94,5,3.94,3.94,1701839710
320,usol'ye,59.4268,56.6808,-19.1,98,72,1.95,1.95,1701840237
321,jinghong,21.991,100.7341,80.98,50,83,2.73,2.73,1701840237
322,punta del este,-34.9667,-54.95,66.31,93,100,5.75,5.75,1701840237
323,kingscliff,-28.2667,153.5667,84.76,69,0,12.66,12.66,1701840237
324,zlynka,52.4267,31.7378,20.62,95,99,7.65,7.65,1701840238
325,tenenkou,14.4572,-4.9169,71.17,16,0,9.46,9.46,1701840238
326,dalmatovo,56.26,62.9362,-0.6,93,100,11.45,11.45,1701840238
327,guerrero negro,27.9769,-114.0611,67.86,52,100,7.36,7.36,1701840238
328,ghadamis,30.1337,9.5007,54.61,50,96,4.56,4.56,1701840239
329,bereket,39.2446,55.5154,50.31,81,75,8.08,8.08,1701839994
330,coracora,-15.0333,-73.7833,51.48,51,100,0.85,0.85,1701840239
331,kyakhta,50.3508,106.4494,3.38,86,87,3.6,3.6,1701840239
332,aykhal,66.0,111.5,-17.59,97,100,7.02,7.02,1701840240
333,narrabri,-30.3167,149.7833,103.51,24,1,1.99,1.99,1701840240
334,kamaishi,39.2667,141.8833,51.03,86,100,4.05,4.05,1701840240
335,trinidad,-14.8333,-64.9,70.11,99,96,3.58,3.58,1701840241
336,alta,69.9689,23.2717,7.86,72,100,2.3,2.3,1701840241
337,jiuquan,39.7432,98.5174,48.63,12,7,6.91,6.91,1701840241
338,tibati,6.4667,12.6333,70.79,44,68,2.19,2.19,1701840242
339,cockburn town,21.4612,-71.1419,80.89,78,12,17.18,17.18,1701839734
340,sokoto,13.0609,5.239,68.23,20,3,10.69,10.69,1701840133
341,verkhnevilyuysk,63.4453,120.3167,-40.92,98,87,4.27,4.27,1701840243
342,chegutu,-18.1302,30.1407,77.04,33,11,8.39,8.39,1701840244
343,kitimat,54.0524,-128.6534,41.38,63,100,5.01,5.01,1701840244
344,kembe,4.6228,21.8865,70.36,88,56,1.05,1.05,1701840245
345,saint-germain-du-puy,47.1,2.4833,41.27,93,100,5.75,5.75,1701840245
346,labrador city,52.9463,-66.9114,6.71,72,100,14.97,14.97,1701839664
347,lewistown,40.5992,-77.5714,34.81,96,100,0.0,0.0,1701839802
348,ust'-uda,54.1742,103.0304,-0.99,88,100,3.27,3.27,1701840246
349,la'ie,21.6477,-157.9253,76.1,80,9,10.0,10.0,1701840247
350,shiqiao,22.9374,113.3606,65.75,76,100,8.01,8.01,1701840247
351,kalymnos,36.95,26.9833,62.13,82,40,3.44,3.44,1701840248
352,trondheim,63.4305,10.3951,24.89,74,98,3.53,3.53,1701840036
353,olbia,40.9214,9.4856,50.05,71,40,10.36,10.36,1701840249
354,lazaro cardenas,17.9583,-102.2,79.16,64,100,2.89,2.89,1701839559
355,punta cana,18.5818,-68.4043,78.57,78,20,6.91,6.91,1701839964
356,ancud,-41.8697,-73.8203,49.75,90,0,2.39,2.39,1701840250
357,cotonou,6.3654,2.4183,82.38,83,40,3.44,3.44,1701839972
358,ca mau,9.1769,105.15,87.66,63,98,9.71,9.71,1701840251
359,tostado,-29.232,-61.7692,71.98,87,100,2.15,2.15,1701840251
360,geraldton,-28.7667,114.6,84.61,48,18,17.27,17.27,1701839703
361,penzance,50.1186,-5.5371,43.48,68,74,13.2,13.2,1701840252
362,isla mujeres,21.2311,-86.731,77.16,82,98,13.51,13.51,1701840252
363,saipan,15.1355,145.701,84.9,79,40,11.5,11.5,1701840253
364,ejirin,6.6142,3.9002,75.88,93,49,2.1,2.1,1701840253
365,duluth,46.7833,-92.1066,29.35,84,20,6.91,6.91,1701840159
366,tolanaro,-25.0319,46.9987,82.47,65,20,11.5,11.5,1701840254
367,enewetak,11.3474,162.3373,82.17,77,57,17.96,17.96,1701840254
368,cidreira,-30.1811,-50.2056,70.39,91,88,18.14,18.14,1701840255
369,tangalle,6.024,80.7911,82.56,71,65,8.28,8.28,1701840255
370,majene,-3.5403,118.9707,84.36,76,92,6.53,6.53,1701840255
371,vernon,50.2581,-119.2691,47.3,90,100,1.01,1.01,1701839511
372,smithers,54.7804,-127.1743,34.12,93,75,2.3,2.3,1701840256
373,tahe,52.3333,124.7333,6.17,73,100,9.06,9.06,1701840256
374,barcelos,41.5388,-8.6151,44.85,79,54,4.34,4.34,1701840257
375,bubaque,11.2833,-15.8333,81.9,60,1,9.4,9.4,1701840257
376,cangucu,-31.395,-52.6756,64.04,95,100,8.41,8.41,1701840258
377,pitogo,13.7847,122.0881,83.5,78,53,4.07,4.07,1701840258
378,vilyuchinsk,52.9306,158.4028,26.87,64,8,9.53,9.53,1701840259
379,pisco,-13.7,-76.2167,68.05,83,0,6.91,6.91,1701840259
380,pitkyaranta,61.5734,31.4792,11.52,95,99,2.89,2.89,1701840259
381,touros,-5.1989,-35.4608,78.96,78,5,16.26,16.26,1701840260
382,crane,31.3974,-102.3501,53.94,38,83,10.49,10.49,1701839723
383,saint-marc,19.1082,-72.6938,77.77,69,0,2.82,2.82,1701840261
384,prince albert,53.2001,-105.7677,26.55,86,40,11.5,11.5,1701840261
385,tual,-5.6667,132.75,84.36,71,59,5.46,5.46,1701840261
386,yamada,39.4667,141.95,49.57,89,100,2.33,2.33,1701840262
387,port alfred,-33.5906,26.891,66.18,76,99,3.0,3.0,1701840262
388,howrah,22.5892,88.3103,75.2,73,75,5.75,5.75,1701840262
389,mahibadhoo,3.7833,72.9667,82.89,78,100,9.31,9.31,1701840263
390,saint-joseph,-21.3667,55.6167,82.47,68,5,5.99,5.99,1701840263
391,dunay,42.8803,132.3375,32.72,89,100,11.21,11.21,1701840264
392,loreto,22.2667,-101.9667,56.84,77,100,10.25,10.25,1701840264
393,boryeong,36.3493,126.5977,57.16,78,100,17.65,17.65,1701840265
394,suhbaatar,50.2314,106.2078,3.06,89,86,3.47,3.47,1701840265
395,revda,56.801,59.9303,-6.63,95,100,5.99,5.99,1701839447
396,harran,36.86,39.0314,51.49,85,100,12.46,12.46,1701840266
397,umm kaddadah,13.6017,26.6876,64.76,22,41,11.43,11.43,1701840266
398,belawan,3.7755,98.6832,88.09,81,100,2.59,2.59,1701840267
399,visakhapatnam,17.69,83.2093,73.29,100,100,10.36,10.36,1701840267
400,myski,53.709,87.8014,33.48,100,100,4.16,4.16,1701840267
401,port macquarie,-31.4333,152.9167,79.9,71,4,12.24,12.24,1701839719
402,nichinan,31.6,131.3667,62.28,53,98,8.75,8.75,1701840268
403,peniche,39.3558,-9.3811,51.46,85,88,8.16,8.16,1701840269
404,turpan,42.9333,89.1667,43.7,31,5,1.41,1.41,1701840269
405,kismayo,-0.3582,42.5454,83.37,71,91,13.56,13.56,1701840269
406,sambava,-14.2667,50.1667,79.99,68,13,6.11,6.11,1701840270
407,al ghayzah,16.2079,52.176,77.29,54,6,4.61,4.61,1701840270
408,constitucion,-35.3333,-72.4167,51.04,92,19,6.22,6.22,1701840271
409,ola,59.5833,151.2833,-2.36,69,99,11.21,11.21,1701839679
410,san jeronimo,-11.9472,-75.2829,49.03,86,100,1.92,1.92,1701840271
411,nadym,65.5333,72.5167,-36.94,98,71,4.92,4.92,1701840272
412,colonia,50.9333,6.95,37.85,92,100,11.5,11.5,1701840272
413,mbuji-mayi,-6.15,23.6,69.08,94,96,1.01,1.01,1701840272
414,kharagpur,22.3333,87.3333,66.24,90,100,6.76,6.76,1701840273
415,khanty-mansiysk,61.0042,69.0019,-30.89,61,0,4.47,4.47,1701840274
416,villa gesell,-37.2639,-56.973,64.06,93,100,16.64,16.64,1701840274
417,nova vicosa,-17.8919,-39.3719,75.51,90,3,8.59,8.59,1701840274
418,latakia,35.5148,35.7768,59.18,78,100,9.4,9.4,1701840275
419,fairfield east,-33.8747,150.9721,84.25,60,39,8.99,8.99,1701840275
420,olinda,-8.0089,-34.8553,80.33,74,40,9.22,9.22,1701840276
421,horta,38.5333,-28.6333,67.01,92,100,27.0,27.0,1701840276
422,coatesville,39.9832,-75.8238,38.03,89,0,3.44,3.44,1701840277
423,port saint john's,-31.6229,29.5448,65.68,83,100,8.79,8.79,1701840277
424,nicoya,10.1483,-85.452,74.53,87,66,5.53,5.53,1701840277
425,dwarka,22.2394,68.9678,76.53,50,0,16.46,16.46,1701840278
426,filey,54.21,-0.2892,40.03,84,15,10.25,10.25,1701840278
427,novodvinsk,64.4165,40.8122,-4.25,96,83,3.22,3.22,1701840279
428,masumbwe,-3.6333,32.1833,66.42,91,44,1.32,1.32,1701840279
429,kloulklubed,7.0419,134.2556,88.3,73,68,8.3,8.3,1701840260
430,ascencion,31.1,-107.9833,52.88,33,67,4.5,4.5,1701840280
431,bonthe,7.5264,-12.505,78.19,88,4,4.21,4.21,1701840280
432,dakoro,14.5106,6.765,65.86,21,4,10.6,10.6,1701840281
433,happy valley-goose bay,53.3168,-60.3315,16.11,79,100,9.22,9.22,1701839700
434,shortandy,51.7006,70.9994,17.55,91,100,14.63,14.63,1701840281
435,maturin,9.75,-63.1767,71.17,97,76,4.52,4.52,1701840281
436,kill devil hills,36.0307,-75.676,51.98,71,0,10.36,10.36,1701840282
437,labuan,5.2767,115.2417,86.36,79,40,2.3,2.3,1701840282
438,illizi,26.4833,8.4667,48.0,22,33,2.08,2.08,1701840282
439,yeppoon,-23.1333,150.7333,87.58,60,11,13.2,13.2,1701840283
440,mascoutah,38.4903,-89.7932,39.58,81,100,10.36,10.36,1701840283
441,ulladulla,-35.35,150.4667,70.32,67,54,8.84,8.84,1701839742
442,kratie,12.4881,106.0188,90.28,51,0,10.13,10.13,1701840284
443,fuglafjordur,62.244,-6.814,32.47,73,58,9.51,9.51,1701840284
444,whakatane,-37.9585,176.9854,69.51,87,91,4.0,4.0,1701840285
445,severo-yeniseyskiy,60.3725,93.0408,-29.42,98,69,5.01,5.01,1701840285
446,tondela,40.5167,-8.0833,38.59,85,38,5.35,5.35,1701840285
447,san antonio de pale,-1.4014,5.6325,79.66,79,98,5.57,5.57,1701840285
448,primorsko-akhtarsk,46.0497,38.1747,32.97,79,100,19.89,19.89,1701840286
449,greenville,35.6127,-77.3663,44.13,93,0,1.99,1.99,1701840171
450,batie,9.8833,-2.9167,72.81,20,0,1.83,1.83,1701840286
451,holualoa,19.6228,-155.9522,75.04,86,40,9.22,9.22,1701839689
452,mosjoen,65.836,13.1908,26.71,93,0,0.0,0.0,1701840287
453,neiafu,-18.65,-173.9833,83.08,74,75,5.75,5.75,1701840287
454,khandyga,62.6667,135.6,-52.6,99,47,0.22,0.22,1701840287
455,ilomantsi,62.6716,30.9328,9.63,98,98,2.06,2.06,1701840288
456,rosarito,32.3333,-117.0333,67.66,47,0,0.81,0.81,1701840207
457,ferkessedougou,9.6,-5.2,72.32,27,7,4.29,4.29,1701840288
458,menongue,-14.6585,17.691,63.25,89,48,2.39,2.39,1701839710
459,niwai,26.35,75.9167,68.5,41,0,6.8,6.8,1701840289
460,prince rupert,54.3161,-130.3201,47.89,76,100,20.71,20.71,1701840289
461,iowa falls,42.5225,-93.2513,21.34,86,0,6.91,6.91,1701840289
462,cabedelo,-6.9811,-34.8339,77.67,74,6,11.77,11.77,1701840289
463,cooma,-36.2333,149.1333,83.05,23,12,13.4,13.4,1701840290
464,pandan,14.0453,124.1694,84.02,73,69,10.36,10.36,1701839728
465,taltal,-25.4,-70.4833,63.0,79,0,0.74,0.74,1701840290
466,kuzovatovo,53.5468,47.6866,-0.99,100,86,4.25,4.25,1701840291
467,afaahiti,-17.75,-149.2833,75.07,78,100,7.92,7.92,1701840291
468,springbok,-29.6643,17.8865,65.44,38,0,3.47,3.47,1701840291
469,jinzhou,41.1078,121.1417,37.9,27,0,14.36,14.36,1701840291
470,guarapari,-20.6667,-40.4975,75.88,92,2,6.93,6.93,1701840292
471,torres,-29.3353,-49.7269,72.86,97,100,8.03,8.03,1701840292
472,kilkeel,54.062,-6.0031,46.2,76,95,19.13,19.13,1701840292
473,mar del plata,-38.0023,-57.5575,64.09,90,100,8.99,8.99,1701839757
474,lycksele,64.5954,18.6735,-7.73,84,100,0.0,0.0,1701840293
475,hauterive,46.0901,3.4459,38.98,94,93,4.41,4.41,1701840293
476,port moresby,-9.4431,147.1797,87.22,62,40,11.5,11.5,1701840293
477,argo,37.6333,22.7333,52.79,81,99,2.64,2.64,1701839725
478,enumclaw,47.2043,-121.9915,49.26,97,100,1.01,1.01,1701840294
479,ixtapa,20.7,-105.2,75.22,83,40,0.0,0.0,1701840294
480,mahina,-17.5065,-149.489,76.77,83,75,5.75,5.75,1701840295
481,pithora,21.2667,82.5167,63.46,95,100,10.29,10.29,1701840295
482,escarcega,18.6089,-90.7454,71.71,98,89,2.62,2.62,1701840295
483,gaalkacyo,6.7697,47.4308,77.45,35,74,13.2,13.2,1701840295
484,i-n-salah,27.1935,2.4607,58.23,28,98,4.0,4.0,1701840296
485,porto velho,-8.7619,-63.9039,75.25,94,20,4.61,4.61,1701840296
486,al muwayh,22.4333,41.7583,62.11,26,36,11.21,11.21,1701840296
487,sao vicente,-23.9631,-46.3919,80.28,26,63,2.8,2.8,1701840021
488,leksand,60.7339,15.0032,-1.55,100,33,0.72,0.72,1701840297
489,carnarvon,-24.8667,113.6333,81.79,62,2,22.5,22.5,1701840297
490,ugoofaaru,5.6667,73.0,82.98,73,79,3.49,3.49,1701840297
491,kapuskasing,49.4169,-82.4331,15.89,85,100,3.44,3.44,1701840298
492,suceava,47.6333,26.25,32.59,96,100,2.3,2.3,1701840079
493,california city,35.1258,-117.9859,59.95,43,0,9.22,9.22,1701840298
494,tindouf,27.6711,-8.1474,57.65,41,0,5.75,5.75,1701840298
495,la tuque,47.4334,-72.7824,3.45,85,90,2.3,2.3,1701840284
496,maceio,-9.6658,-35.7353,74.64,100,20,2.3,2.3,1701840022
497,tutoia,-2.7619,-42.2744,80.28,84,20,12.06,12.06,1701840299
498,broome,42.2506,-75.833,32.7,94,100,0.0,0.0,1701840299
499,babura,12.7731,9.0158,66.0,21,6,8.19,8.19,1701840300
500,lae,-6.7221,146.9847,92.07,60,60,7.92,7.92,1701840300
501,pont rouge,48.8833,-72.0825,-0.11,95,32,5.37,5.37,1701840300
502,montevallo,33.1007,-86.8642,50.13,58,0,6.91,6.91,1701840300
503,vanimo,-2.6741,141.3028,83.91,80,95,9.15,9.15,1701840301
504,rongelap,11.1635,166.8941,81.77,78,98,19.73,19.73,1701840301
505,rabo de peixe,37.8,-25.5833,65.71,99,75,18.41,18.41,1701840301
506,forster,-32.1667,152.5167,77.38,70,3,14.76,14.76,1701840302
507,mandera,3.9366,41.867,82.18,40,57,9.42,9.42,1701840302
508,awjilah,29.1081,21.2869,56.17,66,53,8.19,8.19,1701840303
509,oriximina,-1.7656,-55.8661,76.53,79,40,2.51,2.51,1701840218
510,anacortes,48.5126,-122.6127,51.64,95,100,6.91,6.91,1701840072
511,kailua-kona,19.6406,-155.9956,78.76,86,40,9.22,9.22,1701839512
512,pangody,65.85,74.4859,-35.99,97,31,5.57,5.57,1701839742
513,bandarbeyla,9.4942,50.8122,79.21,60,13,21.39,21.39,1701840305
514,dul'durga,50.6761,113.5931,5.9,62,7,14.29,14.29,1701840305
515,san julian,21.0167,-102.1667,54.75,77,100,2.33,2.33,1701840306
516,chuhar jamali,24.3895,67.9923,74.95,23,0,12.48,12.48,1701840306
517,cortina d'ampezzo,46.5384,12.1377,23.49,88,52,4.54,4.54,1701840307
518,obihiro,42.9172,143.2044,38.61,79,48,2.24,2.24,1701840307
519,manokwari,-0.8667,134.0833,81.32,82,100,2.84,2.84,1701840308
520,turmalina,-17.2856,-42.73,66.11,81,1,3.36,3.36,1701840308
521,koumra,8.9126,17.5539,78.21,44,33,1.7,1.7,1701840309
522,puerto aysen,-45.4,-72.7,47.19,97,6,2.66,2.66,1701840309
523,fort william,56.8165,-5.1121,25.3,94,13,4.12,4.12,1701840310
524,grand-bassam,5.2118,-3.7388,75.16,84,1,6.33,6.33,1701840310
525,horodenka,48.6727,25.5016,23.29,96,34,3.85,3.85,1701840311
526,newton,42.337,-71.2092,33.55,78,100,5.75,5.75,1701840311
527,mancio lima,-7.6142,-72.8958,72.75,99,100,1.23,1.23,1701840311
528,kayenta,36.7278,-110.2546,41.25,59,0,1.68,1.68,1701840312
529,coxim,-18.5067,-54.76,75.27,79,61,2.24,2.24,1701840313
530,jieshi,22.8134,115.8257,69.13,67,100,8.12,8.12,1701840313
531,richards bay,-28.783,32.0377,69.98,84,100,5.3,5.3,1701840314
532,moriki,12.8741,6.4875,66.76,21,5,9.33,9.33,1701840314
533,ormara,25.2088,64.6357,75.34,34,1,6.87,6.87,1701840314
534,uman,48.7484,30.2218,27.95,69,99,9.08,9.08,1701840315
535,ujae,8.9322,165.7642,82.54,79,70,21.79,21.79,1701840315
536,kabo,7.6994,18.629,75.42,59,2,3.15,3.15,1701840315
537,codrington,-38.2667,141.9667,65.03,46,71,11.83,11.83,1701840316
538,tromso,69.6496,18.957,23.02,68,40,14.97,14.97,1701840316
539,ojinaga,29.5667,-104.4167,59.95,36,0,10.36,10.36,1701840317
540,rudnichnyy,59.617,52.4703,-21.98,100,73,3.38,3.38,1701840317
541,el porvenir,13.7617,-87.3458,72.73,82,5,6.35,6.35,1701840317
542,makurazaki,31.2667,130.3167,61.52,59,99,9.51,9.51,1701840318
543,manggar,-2.8833,108.2667,86.11,65,100,5.99,5.99,1701840318
544,kouroussa,10.65,-9.8833,68.94,31,0,1.03,1.03,1701840319
545,ta`u,-14.2336,-169.5144,80.69,83,63,17.13,17.13,1701840319
546,kirakira,-10.4544,161.9205,78.82,92,100,14.27,14.27,1701840319
547,tripoli,32.8752,13.1875,62.19,60,100,7.72,7.72,1701840277
548,conway,35.0887,-92.4421,46.38,58,75,3.44,3.44,1701839699
549,quellon,-43.1167,-73.6167,48.36,93,9,6.26,6.26,1701840321
550,xilin hot,43.9667,116.0333,16.59,67,72,15.43,15.43,1701840321
551,tabou,4.423,-7.3528,77.9,85,1,5.93,5.93,1701840321
552,oranjemund,-28.55,16.4333,61.09,91,52,4.27,4.27,1701840322
553,sakakah,29.9697,40.2064,65.77,36,62,5.06,5.06,1701840322
554,skagen,57.7209,10.5839,35.94,76,100,18.14,18.14,1701840322
555,apolinario saravia,-24.4328,-63.9954,70.05,80,100,2.8,2.8,1701840323
556,yangambi,0.8102,24.4336,69.3,98,79,1.77,1.77,1701840323
557,juybar,36.6412,52.9124,53.76,82,72,1.83,1.83,1701840324
558,dezhou,37.4486,116.2925,54.55,17,0,12.8,12.8,1701840324
559,yuncheng,35.0231,110.9928,56.91,22,0,11.79,11.79,1701840324
560,itoman,26.1247,127.6694,72.37,64,75,2.3,2.3,1701840325
561,achinsk,56.2694,90.4993,4.69,94,100,11.99,11.99,1701840325
562,kandyagash,49.4744,57.4233,16.39,90,100,11.74,11.74,1701840326
563,gobernador virasora,-28.05,-56.0333,75.04,99,99,1.01,1.01,1701840228
564,tadine,-21.55,167.8833,78.17,69,73,16.58,16.58,1701840326
565,tazacorte,28.629,-17.9293,67.17,84,0,8.99,8.99,1701840327
566,mulanje,-16.0316,35.5,77.36,63,38,3.4,3.4,1701840327
567,mana,5.6592,-53.7767,77.0,95,87,8.77,8.77,1701840327
568,najran,17.4924,44.1277,56.05,23,44,1.66,1.66,1701840328
569,puerto armuelles,8.2833,-82.8667,80.1,68,53,3.0,3.0,1701840328
570,le blanc,46.6667,1.1667,39.6,92,92,3.47,3.47,1701840328
571,tofol,5.3248,163.0078,83.98,79,100,8.05,8.05,1701840329
572,sechura,-5.5569,-80.8222,70.39,77,100,13.89,13.89,1701840329
573,naifaru,5.4444,73.3657,83.17,73,85,4.23,4.23,1701840330
574,north branch,45.5113,-92.9802,23.07,59,67,3.22,3.22,1701840330
575,salalah,17.0151,54.0924,80.69,34,0,4.61,4.61,1701840331
576,kayyerkan,69.3786,87.7439,-26.52,83,11,0.96,0.96,1701840331
577,ajaccio,42.0,8.9167,39.25,87,75,6.91,6.91,1701840332
578,hobyo,5.3505,48.5268,78.58,65,65,16.42,16.42,1701840332
579,rawai,7.7797,98.3253,87.91,78,86,11.23,11.23,1701840332
580,lensk,60.7253,114.9278,-34.19,95,73,1.16,1.16,1701840333
581,punalur,9.0,76.9333,87.53,64,80,1.59,1.59,1701840333
582,nizhniy odes,63.6445,54.856,-20.56,100,82,2.51,2.51,1701840333
583,puerto leguizamo,-0.1934,-74.7819,74.68,86,90,2.13,2.13,1701840334
584,mian channun,30.44,72.3543,71.42,23,0,0.96,0.96,1701840335
585,solnechnyy,50.7214,136.6319,15.03,91,100,6.93,6.93,1701840335
586,sonargaon,23.6422,90.6023,77.05,73,100,3.78,3.78,1701840335
587,eyl,7.9803,49.8164,78.48,54,76,21.07,21.07,1701840336
588,annau,37.8876,58.516,51.3,82,100,6.91,6.91,1701840336
